﻿pos_x,pos_y,rotation,side,designator,mpn,pack,value,mount_type,place
1.905,-36.544,0.0,top,,,,,tht,True
1.905,-15.24,0.0,top,,,,,tht,True
19.685,-39.084,0.0,top,,,,,tht,True
25.495,-34.004,0.0,top,,,,,tht,True
25.495,-36.544,0.0,top,,,,,tht,True
25.495,-17.78,0.0,top,,,,,tht,True
25.495,-12.7,0.0,top,,,,,tht,True
19.685,-12.7,0.0,top,,,,,tht,True
19.685,-17.78,0.0,top,,,,,tht,True
1.905,-17.78,0.0,top,,,,,tht,True
19.685,-34.004,0.0,top,,,,,tht,True
43.275,-36.544,0.0,top,,,,,tht,True
1.905,-34.004,0.0,top,,,,,tht,True
43.275,-12.7,0.0,top,,,,,tht,True
1.905,-12.7,0.0,top,,,,,tht,True
25.495,-15.24,0.0,top,,,,,tht,True
25.495,-39.084,0.0,top,,,,,tht,True
19.685,-15.24,0.0,top,,,,,tht,True
1.905,-39.084,0.0,top,,,,,tht,True
19.685,-36.544,0.0,top,,,,,tht,True
43.275,-39.084,0.0,top,,,,,tht,True
43.275,-17.78,0.0,top,,,,,tht,True
43.275,-15.24,0.0,top,,,,,tht,True
43.275,-34.004,0.0,top,,,,,tht,True
32.678808,-23.209,-90.0,bottom,C1,,C_0603_1608Metric_Pad1.08x0.95mm_HandSolder,4.7uF,smt,True
32.678808,-1.905,-90.0,bottom,C1,,C_0603_1608Metric_Pad1.08x0.95mm_HandSolder,4.7uF,smt,True
9.088808,-23.209,-90.0,bottom,C1,,C_0603_1608Metric_Pad1.08x0.95mm_HandSolder,4.7uF,smt,True
9.088808,-1.905,-90.0,bottom,C1,,C_0603_1608Metric_Pad1.08x0.95mm_HandSolder,4.7uF,smt,True
17.216808,-2.032,-90.0,bottom,C2,,C_0603_1608Metric_Pad1.08x0.95mm_HandSolder,4.7uF,smt,True
40.806808,-23.336,-90.0,bottom,C2,,C_0603_1608Metric_Pad1.08x0.95mm_HandSolder,4.7uF,smt,True
17.216808,-23.336,-90.0,bottom,C2,,C_0603_1608Metric_Pad1.08x0.95mm_HandSolder,4.7uF,smt,True
40.806808,-2.032,-90.0,bottom,C2,,C_0603_1608Metric_Pad1.08x0.95mm_HandSolder,4.7uF,smt,True
14.676808,-16.764,-90.0,bottom,D1,,LED_0603_1608Metric,Green,smt,True
38.266808,-16.764,-90.0,bottom,D1,,LED_0603_1608Metric,Green,smt,True
14.676808,-38.068,-90.0,bottom,D1,,LED_0603_1608Metric,Green,smt,True
38.266808,-38.068,-90.0,bottom,D1,,LED_0603_1608Metric,Green,smt,True
37.687,-12.2955,-90.0,bottom,D2,,LED_0603_1608Metric,Red,smt,True
37.687,-33.5995,-90.0,bottom,D2,,LED_0603_1608Metric,Red,smt,True
14.097,-12.2955,-90.0,bottom,D2,,LED_0603_1608Metric,Red,smt,True
14.097,-33.5995,-90.0,bottom,D2,,LED_0603_1608Metric,Red,smt,True
31.662808,-12.7,180.0,bottom,J1,,JST_PH_S2B-PH-SM4-TB_1x02-1MP_P2.00mm_Horizontal,Conn_01x02_Pin,smt,True
8.072808,-34.004,180.0,bottom,J1,,JST_PH_S2B-PH-SM4-TB_1x02-1MP_P2.00mm_Horizontal,Conn_01x02_Pin,smt,True
8.072808,-12.7,180.0,bottom,J1,,JST_PH_S2B-PH-SM4-TB_1x02-1MP_P2.00mm_Horizontal,Conn_01x02_Pin,smt,True
31.662808,-34.004,180.0,bottom,J1,,JST_PH_S2B-PH-SM4-TB_1x02-1MP_P2.00mm_Horizontal,Conn_01x02_Pin,smt,True
15.692808,-26.384,0.0,bottom,JP1,,SolderJumper-3_P1.3mm_Bridged12_RoundedPad1.0x1.5mm_NumberLabels,SolderJumper_3_Bridged12,tht,True
15.692808,-5.08,0.0,bottom,JP1,,SolderJumper-3_P1.3mm_Bridged12_RoundedPad1.0x1.5mm_NumberLabels,SolderJumper_3_Bridged12,tht,True
39.282808,-26.384,0.0,bottom,JP1,,SolderJumper-3_P1.3mm_Bridged12_RoundedPad1.0x1.5mm_NumberLabels,SolderJumper_3_Bridged12,tht,True
39.282808,-5.08,0.0,bottom,JP1,,SolderJumper-3_P1.3mm_Bridged12_RoundedPad1.0x1.5mm_NumberLabels,SolderJumper_3_Bridged12,tht,True
40.298808,-16.764,-90.0,bottom,R1,,R_0603_1608Metric_Pad0.98x0.95mm_HandSolder,1k,smt,True
40.298808,-38.068,-90.0,bottom,R1,,R_0603_1608Metric_Pad0.98x0.95mm_HandSolder,1k,smt,True
16.708808,-38.068,-90.0,bottom,R1,,R_0603_1608Metric_Pad0.98x0.95mm_HandSolder,1k,smt,True
16.708808,-16.764,-90.0,bottom,R1,,R_0603_1608Metric_Pad0.98x0.95mm_HandSolder,1k,smt,True
16.129,-33.5995,-90.0,bottom,R2,,R_0603_1608Metric_Pad0.98x0.95mm_HandSolder,1k,smt,True
39.719,-12.2955,-90.0,bottom,R2,,R_0603_1608Metric_Pad0.98x0.95mm_HandSolder,1k,smt,True
16.129,-12.2955,-90.0,bottom,R2,,R_0603_1608Metric_Pad0.98x0.95mm_HandSolder,1k,smt,True
39.719,-33.5995,-90.0,bottom,R2,,R_0603_1608Metric_Pad0.98x0.95mm_HandSolder,1k,smt,True
34.202808,-2.032,90.0,bottom,R3,,R_0603_1608Metric_Pad0.98x0.95mm_HandSolder,Val 1,smt,True
10.612808,-2.032,90.0,bottom,R3,,R_0603_1608Metric_Pad0.98x0.95mm_HandSolder,Val 1,smt,True
34.202808,-23.336,90.0,bottom,R3,,R_0603_1608Metric_Pad0.98x0.95mm_HandSolder,Val 1,smt,True
10.612808,-23.336,90.0,bottom,R3,,R_0603_1608Metric_Pad0.98x0.95mm_HandSolder,Val 1,smt,True
11.628808,-25.876,0.0,bottom,R4,,R_0603_1608Metric_Pad0.98x0.95mm_HandSolder,Val 2,smt,True
35.218808,-4.572,0.0,bottom,R4,,R_0603_1608Metric_Pad0.98x0.95mm_HandSolder,Val 2,smt,True
11.628808,-4.572,0.0,bottom,R4,,R_0603_1608Metric_Pad0.98x0.95mm_HandSolder,Val 2,smt,True
35.218808,-25.876,0.0,bottom,R4,,R_0603_1608Metric_Pad0.98x0.95mm_HandSolder,Val 2,smt,True
15.311808,-29.94,180.0,bottom,RV1,,Potentiometer_Bourns_TC33X_Vertical,200k,smt,True
15.311808,-8.636,180.0,bottom,RV1,,Potentiometer_Bourns_TC33X_Vertical,200k,smt,True
38.901808,-29.94,180.0,bottom,RV1,,Potentiometer_Bourns_TC33X_Vertical,200k,smt,True
38.901808,-8.636,180.0,bottom,RV1,,Potentiometer_Bourns_TC33X_Vertical,200k,smt,True
25.495,-2.54,0.0,top,S1,,7305,Conn_01x01_Pin,tht,True
1.905,-23.844,0.0,top,S1,,7305,Conn_01x01_Pin,tht,True
1.905,-2.54,0.0,top,S1,,7305,Conn_01x01_Pin,tht,True
25.495,-23.844,0.0,top,S1,,7305,Conn_01x01_Pin,tht,True
1.905,-26.384,0.0,top,S2,,7305,Conn_01x01_Pin,tht,True
25.495,-26.384,0.0,top,S2,,7305,Conn_01x01_Pin,tht,True
1.905,-5.08,0.0,top,S2,,7305,Conn_01x01_Pin,tht,True
25.495,-5.08,0.0,top,S2,,7305,Conn_01x01_Pin,tht,True
25.495,-7.62,0.0,top,S3,,7305,Conn_01x01_Pin,tht,True
1.905,-28.924,0.0,top,S3,,7305,Conn_01x01_Pin,tht,True
25.495,-28.924,0.0,top,S3,,7305,Conn_01x01_Pin,tht,True
1.905,-7.62,0.0,top,S3,,7305,Conn_01x01_Pin,tht,True
19.685,-10.16,0.0,top,S37,,7305,Conn_01x01_Pin,tht,True
43.275,-31.464,0.0,top,S37,,7305,Conn_01x01_Pin,tht,True
19.685,-31.464,0.0,top,S37,,7305,Conn_01x01_Pin,tht,True
43.275,-10.16,0.0,top,S37,,7305,Conn_01x01_Pin,tht,True
43.275,-7.62,0.0,top,S38,,7305,Conn_01x01_Pin,tht,True
43.275,-28.924,0.0,top,S38,,7305,Conn_01x01_Pin,tht,True
19.685,-7.62,0.0,top,S38,,7305,Conn_01x01_Pin,tht,True
19.685,-28.924,0.0,top,S38,,7305,Conn_01x01_Pin,tht,True
43.275,-5.08,0.0,top,S39,,7305,Conn_01x01_Pin,tht,True
43.275,-26.384,0.0,top,S39,,7305,Conn_01x01_Pin,tht,True
19.685,-26.384,0.0,top,S39,,7305,Conn_01x01_Pin,tht,True
19.685,-5.08,0.0,top,S39,,7305,Conn_01x01_Pin,tht,True
43.275,-2.54,0.0,top,S40,,7305,Conn_01x01_Pin,tht,True
19.685,-2.54,0.0,top,S40,,7305,Conn_01x01_Pin,tht,True
19.685,-23.844,0.0,top,S40,,7305,Conn_01x01_Pin,tht,True
43.275,-23.844,0.0,top,S40,,7305,Conn_01x01_Pin,tht,True
6.548808,-5.588,180.0,bottom,SW1,,SW_SPST_B3U-1000P,SW_SPST,smt,True
30.138808,-26.892,180.0,bottom,SW1,,SW_SPST_B3U-1000P,SW_SPST,smt,True
30.138808,-5.588,180.0,bottom,SW1,,SW_SPST_B3U-1000P,SW_SPST,smt,True
6.548808,-26.892,180.0,bottom,SW1,,SW_SPST_B3U-1000P,SW_SPST,smt,True
14.168808,-23.209,180.0,bottom,U2,,SOT-23-5,MCP73831-2-OT,smt,True
37.758808,-1.905,180.0,bottom,U2,,SOT-23-5,MCP73831-2-OT,smt,True
14.168808,-1.905,180.0,bottom,U2,,SOT-23-5,MCP73831-2-OT,smt,True
37.758808,-23.209,180.0,bottom,U2,,SOT-23-5,MCP73831-2-OT,smt,True
29.122808,-23.209,180.0,bottom,U3,,SOT-23-6,TPL5111,smt,True
5.532808,-1.905,180.0,bottom,U3,,SOT-23-6,TPL5111,smt,True
5.532808,-23.209,180.0,bottom,U3,,SOT-23-6,TPL5111,smt,True
29.122808,-1.905,180.0,bottom,U3,,SOT-23-6,TPL5111,smt,True
11.049,-34.639,0.0,top,kibuzzard-64F51413,,kibuzzard-64F51413,G***,tht,False
34.639,-34.639,0.0,top,kibuzzard-64F51413,,kibuzzard-64F51413,G***,tht,False
11.049,-13.335,0.0,top,kibuzzard-64F51413,,kibuzzard-64F51413,G***,tht,False
34.639,-13.335,0.0,top,kibuzzard-64F51413,,kibuzzard-64F51413,G***,tht,False
14.732,-15.113,0.0,top,kibuzzard-64F5148F,,kibuzzard-64F5148F,G***,tht,False
38.322,-36.417,0.0,top,kibuzzard-64F5148F,,kibuzzard-64F5148F,G***,tht,False
38.322,-15.113,0.0,top,kibuzzard-64F5148F,,kibuzzard-64F5148F,G***,tht,False
14.732,-36.417,0.0,top,kibuzzard-64F5148F,,kibuzzard-64F5148F,G***,tht,False
