﻿designator,quantity,value,pack,mpn,mount_type
", , , , , , , , , , , , , , , , , , , , , , , ",24,,,,tht
"C1, C1, C1, C1, C2, C2, C2, C2",8,4.7uF,C_0603_1608Metric_Pad1.08x0.95mm_HandSolder,,smt
"D1, D1, D1, D1",4,Green,LED_0603_1608Metric,,smt
"D2, D2, D2, D2",4,Red,LED_0603_1608Metric,,smt
"J1, J1, J1, J1",4,Conn_01x02_Pin,JST_PH_S2B-PH-SM4-TB_1x02-1MP_P2.00mm_Horizontal,,smt
"JP1, JP1, JP1, JP1",4,SolderJumper_3_Bridged12,SolderJumper-3_P1.3mm_Bridged12_RoundedPad1.0x1.5mm_NumberLabels,,tht
"R1, R1, R1, R1, R2, R2, R2, R2",8,1k,R_0603_1608Metric_Pad0.98x0.95mm_HandSolder,,smt
"R3, R3, R3, R3",4,Val 1,R_0603_1608Metric_Pad0.98x0.95mm_HandSolder,,smt
"R4, R4, R4, R4",4,Val 2,R_0603_1608Metric_Pad0.98x0.95mm_HandSolder,,smt
"RV1, RV1, RV1, RV1",4,200k,Potentiometer_Bourns_TC33X_Vertical,,smt
"S1, S1, S1, S1, S2, S2, S2, S2, S3, S3, S3, S3, S37, S37, S37, S37, S38, S38, S38, S38, S39, S39, S39, S39, S40, S40, S40, S40",28,Conn_01x01_Pin,7305,,tht
"SW1, SW1, SW1, SW1",4,SW_SPST,SW_SPST_B3U-1000P,,smt
"U2, U2, U2, U2",4,MCP73831-2-OT,SOT-23-5,,smt
"U3, U3, U3, U3",4,TPL5111,SOT-23-6,,smt
"kibuzzard-64F51413, kibuzzard-64F51413, kibuzzard-64F51413, kibuzzard-64F51413",4,G***,kibuzzard-64F51413,,tht
"kibuzzard-64F5148F, kibuzzard-64F5148F, kibuzzard-64F5148F, kibuzzard-64F5148F",4,G***,kibuzzard-64F5148F,,tht
